id,class_name,count
20240513214311.jpg,Car,6
20240513214311.jpg,Bicycle,4
20240513214311.jpg,Pedestrian,4
20240513214517.jpg,Car,4
20240513214517.jpg,Bicycle,1
20240513214622.jpg,Car,6
20240513214622.jpg,Pedestrian,2
20240513215232.jpg,Car,1
20240513215232.jpg,Pedestrian,2
20240513215232.jpg,Motor_scooter,1
20240513215307.jpg,Pedestrian,6
20240513215307.jpg,Car,3
20240513215307.jpg,Bicycle,3
20240513215407.jpg,Car,1
20240513215712.jpg,Car,2
20240513215712.jpg,Bicycle,4
20240513215712.jpg,Truck,1
20240513220022.jpg,Car,1
20240513220022.jpg,Pedestrian,1
20240513220222.jpg,Car,1
20240513220627.jpg,Car,2
20240513220627.jpg,Pedestrian,2
20240513220627.jpg,Bicycle,2
20240513220727.jpg,Car,12
20240513220727.jpg,Pedestrian,1
20240513220832.jpg,Car,12
20240513220832.jpg,Bicycle,1
20240513220832.jpg,Pedestrian,1
20240513221207.jpg,Car,4
20240513221207.jpg,Pedestrian,1
20240513221617.jpg,Car,3
20240513221617.jpg,Pedestrian,3
20240513221922.jpg,Car,27
20240513221922.jpg,Bicycle,3
20240513221922.jpg,Pedestrian,1
20240513222227.jpg,Pedestrian,3
20240513222227.jpg,Car,6
20240513222227.jpg,Bicycle,1
20240513222832.jpg,Car,14
20240513222832.jpg,Pedestrian,3
20240513222832.jpg,Bicycle,1
20240513222932.jpg,Car,6
20240513222932.jpg,Bicycle,4
20240513222932.jpg,Pedestrian,3
20240513222932.jpg,Motor_scooter,1
20240513223032.jpg,Car,5
20240513223132.jpg,Car,15
20240513223132.jpg,Bicycle,2
20240513223132.jpg,Motor_scooter,1
20240513223232.jpg,Car,3
20240513223532.jpg,Bus,1
20240513223532.jpg,Car,13
20240513223532.jpg,Bicycle,2
20240513223532.jpg,Motor_scooter,1
20240513223732.jpg,Car,10
20240513223732.jpg,Pedestrian,1
20240513223732.jpg,Bicycle,1
20240513223837.jpg,Car,1
20240513223937.jpg,Car,11
20240513223937.jpg,Bicycle,1
20240513224037.jpg,Car,2
20240513224107.jpg,Car,14
20240513224107.jpg,Bicycle,1
20240513224237.jpg,Car,5
20240513224237.jpg,Bicycle,2
20240513224237.jpg,Motor_scooter,1
20240513224237.jpg,Pedestrian,2
20240513224307.jpg,Car,12
20240513224307.jpg,Bicycle,1
20240513224307.jpg,Pedestrian,1
20240513224437.jpg,Car,7
20240513224437.jpg,Pedestrian,1
20240513224437.jpg,Bicycle,1
20240513224537.jpg,Car,3
20240513224637.jpg,Car,4
20240513224737.jpg,Bicycle,5
20240513224837.jpg,Car,11
20240513224837.jpg,Pedestrian,1
20240513224837.jpg,Bicycle,2
20240513224837.jpg,Motor_scooter,1
20240513224937.jpg,Car,9
20240513224937.jpg,Bicycle,3
20240513224937.jpg,Pedestrian,2
20240513225037.jpg,Car,2
20240513225137.jpg,Car,16
20240513225137.jpg,Pedestrian,1
20240513225237.jpg,Car,2
20240513225237.jpg,Pedestrian,3
20240513225307.jpg,Car,8
20240513225307.jpg,Bicycle,2
20240513225437.jpg,Car,7
20240513225437.jpg,Bicycle,5
20240513225537.jpg,Car,1
20240513225637.jpg,Car,2
20240513225737.jpg,Car,5
20240513225737.jpg,Pedestrian,1
20240513225837.jpg,Car,19
20240513225837.jpg,Pedestrian,2
20240513225937.jpg,Bicycle,8
20240513225937.jpg,Car,7
20240513225937.jpg,Motor_scooter,1
20240513230037.jpg,Car,10
20240513230137.jpg,Car,8
20240513230137.jpg,Pedestrian,3
20240513230137.jpg,Motor_scooter,1
20240513230137.jpg,Bicycle,4
20240513230237.jpg,Pedestrian,4
20240513230237.jpg,Bicycle,2
20240513230337.jpg,Car,9
20240513230437.jpg,Car,6
20240513230437.jpg,Pedestrian,2
20240513230507.jpg,Car,3
20240513230507.jpg,Scooter,1
20240513230607.jpg,Car,19
20240513230607.jpg,Motor_scooter,3
20240513230737.jpg,Bus,1
20240513230737.jpg,Bicycle,3
20240513230737.jpg,Pedestrian,1
20240513230737.jpg,Motor_scooter,3
20240513230737.jpg,Truck,1
20240513230837.jpg,Car,13
20240513230837.jpg,Bicycle,1
20240513230837.jpg,Pedestrian,1
20240513230837.jpg,Motor_scooter,1
20240513230942.jpg,Car,6
20240513230942.jpg,Motor_scooter,1
20240513230942.jpg,Bicycle,1
20240513231017.jpg,Car,18
20240513231017.jpg,Bicycle,1
20240513231017.jpg,Truck,1
20240513231117.jpg,Car,10
20240513231117.jpg,Pedestrian,3
20240513231217.jpg,Car,5
20240513231217.jpg,Bicycle,1
20240513231217.jpg,Pedestrian,1
20240513231317.jpg,Car,3
20240513231317.jpg,Truck,1
20240514000417.jpg,Car,3
20240514120822.jpg,Car,21
20240514120822.jpg,Pedestrian,4
20240514120822.jpg,Truck,1
20240514120822.jpg,Bicycle,1
20240514120923.jpg,Car,13
20240514120923.jpg,Bicycle,4
20240514120923.jpg,Pedestrian,4
20240514120923.jpg,Truck,1
20240514121023.jpg,Car,11
20240514121023.jpg,Bicycle,3
20240514121023.jpg,Pedestrian,5
20240514121123.jpg,Car,19
20240514121123.jpg,Pedestrian,10
20240514121123.jpg,Bicycle,2
20240514121123.jpg,Bus,1
20240514121224.jpg,Bicycle,7
20240514121224.jpg,Car,6
20240514121224.jpg,Pedestrian,11
20240514121324.jpg,Car,12
20240514121324.jpg,Bicycle,5
20240514121324.jpg,Pedestrian,8
20240514121425.jpg,Car,5
20240514121425.jpg,Bicycle,3
20240514121425.jpg,Pedestrian,2
20240514121525.jpg,Car,11
20240514121525.jpg,Bicycle,3
20240514121525.jpg,Pedestrian,1
20240514121626.jpg,Car,13
20240514121626.jpg,Pedestrian,3
20240514121726.jpg,Car,19
20240514121726.jpg,Bicycle,5
20240514121726.jpg,Pedestrian,2
20240514121826.jpg,Car,8
20240514121826.jpg,Bicycle,6
20240514121826.jpg,Pedestrian,10
202405141218261.jpg,Car,8
202405141218261.jpg,Bicycle,6
202405141218261.jpg,Pedestrian,10
20240514121926.jpg,Car,18
20240514121926.jpg,Pedestrian,3
20240514121926.jpg,Motor_scooter,1
20240514121926.jpg,Bicycle,1
202405141219261.jpg,Car,18
202405141219261.jpg,Pedestrian,3
202405141219261.jpg,Motor_scooter,1
202405141219261.jpg,Bicycle,1
20240514122027.jpg,Car,11
20240514122027.jpg,Truck,1
20240514122027.jpg,Pedestrian,6
20240514122027.jpg,Bicycle,4
20240514122127.jpg,Car,11
20240514122127.jpg,Pedestrian,1
202405141221271.jpg,Car,11
202405141221271.jpg,Pedestrian,1
20240514122227.jpg,Car,18
20240514122227.jpg,Pedestrian,5
20240514122227.jpg,Bicycle,4
20240514122227.jpg,Motor_scooter,1
20240514122328.jpg,Car,11
20240514122328.jpg,Pedestrian,9
20240514122328.jpg,Bicycle,5
202405141223281.jpg,Car,11
202405141223281.jpg,Pedestrian,9
202405141223281.jpg,Bicycle,5
20240514122428.jpg,Car,11
20240514122428.jpg,Pedestrian,3
20240514122428.jpg,Truck,1
20240514122428.jpg,Bicycle,1
20240514122528.jpg,Car,16
20240514122528.jpg,Bicycle,3
20240514122528.jpg,Pedestrian,5
20240514122629.jpg,Car,9
20240514122629.jpg,Bicycle,4
20240514122629.jpg,Pedestrian,10
20240514122729.jpg,Car,8
20240514122729.jpg,Bicycle,3
20240514122729.jpg,Pedestrian,2
20240514122829.jpg,Car,9
20240514122829.jpg,Bicycle,2
20240514122829.jpg,Pedestrian,4
20240514122930.jpg,Bus,1
20240514122930.jpg,Car,9
20240514122930.jpg,Pedestrian,3
20240514122930.jpg,Bicycle,2
20240514123030.jpg,Car,5
20240514123030.jpg,Bicycle,2
20240514123030.jpg,Pedestrian,7
20240514123130.jpg,Car,11
20240514123130.jpg,Bicycle,5
20240514123130.jpg,Pedestrian,6
20240514123231.jpg,Bus,1
20240514123231.jpg,Car,13
20240514123231.jpg,Bicycle,6
20240514123231.jpg,Pedestrian,9
20240514123331.jpg,Car,7
20240514123331.jpg,Bicycle,7
20240514123331.jpg,Pedestrian,7
20240514123431.jpg,Car,8
20240514123431.jpg,Bicycle,3
20240514123431.jpg,Pedestrian,2
20240514123531.jpg,Car,5
20240514123531.jpg,Motor_scooter,1
20240514123531.jpg,Bicycle,3
20240514123531.jpg,Pedestrian,1
20240514123632.jpg,Car,9
20240514123632.jpg,Bicycle,6
20240514123632.jpg,Pedestrian,3
20240514123632.jpg,Motor_scooter,1
20240514123732.jpg,Car,11
20240514123732.jpg,Bicycle,3
20240514123732.jpg,Pedestrian,5
20240514123732.jpg,Bus,1
20240514123832.jpg,Car,11
20240514123832.jpg,Bicycle,4
20240514123832.jpg,Pedestrian,5
202405141238321.jpg,Car,11
202405141238321.jpg,Bicycle,4
202405141238321.jpg,Pedestrian,5
20240514123933.jpg,Car,10
20240514123933.jpg,Bicycle,5
20240514123933.jpg,Pedestrian,7
20240514124033.jpg,Car,5
20240514124033.jpg,Pedestrian,1
20240514124133.jpg,Bus,1
20240514124133.jpg,Car,13
20240514124133.jpg,Pedestrian,3
20240514124133.jpg,Bicycle,1
202405141241331.jpg,Bus,1
202405141241331.jpg,Car,13
202405141241331.jpg,Pedestrian,3
202405141241331.jpg,Bicycle,1
202405141242341.jpg,Truck,1
202405141242341.jpg,Car,9
202405141242341.jpg,Bicycle,5
202405141242341.jpg,Pedestrian,9
20240514124334.jpg,Car,14
20240514124334.jpg,Bicycle,4
20240514124334.jpg,Pedestrian,5
20240514124334.jpg,Truck,1
202405141243341.jpg,Car,14
202405141243341.jpg,Bicycle,4
202405141243341.jpg,Pedestrian,5
202405141243341.jpg,Truck,1
20240514124434.jpg,Car,11
20240514124434.jpg,Truck,1
20240514124434.jpg,Pedestrian,3
20240514124534.jpg,Car,12
202405141245341.jpg,Car,12
20240514124635.jpg,Truck,2
20240514124635.jpg,Car,7
20240514124635.jpg,Pedestrian,4
202405141247351.jpg,Car,10
202405141247351.jpg,Bicycle,6
202405141247351.jpg,Pedestrian,6
20240514124835.jpg,Truck,2
20240514124835.jpg,Car,7
20240514124835.jpg,Bicycle,5
20240514124835.jpg,Pedestrian,1
20240514124936.jpg,Truck,3
20240514124936.jpg,Bicycle,5
20240514124936.jpg,Pedestrian,1
20240514124936.jpg,Car,2
20240514125036.jpg,Car,3
20240514125036.jpg,Bicycle,1
20240514125036.jpg,Pedestrian,1
20240514125136.jpg,Car,11
20240514125136.jpg,Bicycle,1
20240514125136.jpg,Pedestrian,2
20240514125236.jpg,Car,5
20240514125236.jpg,Bicycle,2
20240514125236.jpg,Pedestrian,1
20240514125337.jpg,Bus,1
20240514125337.jpg,Car,21
20240514125337.jpg,Pedestrian,9
20240514125337.jpg,Bicycle,6
20240514125900.jpg,Car,14
20240514125900.jpg,Truck,1
20240514125900.jpg,Pedestrian,7
20240514125900.jpg,Bicycle,1
20240514130000.jpg,Car,5
20240514130000.jpg,Pedestrian,4
20240514130000.jpg,Bicycle,1
20240514130101.jpg,Car,10
20240514130101.jpg,Bicycle,3
20240514130101.jpg,Pedestrian,2
20240514130201.jpg,Car,9
20240514130201.jpg,Pedestrian,4
20240514130201.jpg,Bicycle,1
20240514182802.jpg,Car,14
20240514182802.jpg,Bicycle,2
20240514182802.jpg,Pedestrian,5
20240514182907.jpg,Bicycle,5
20240514182907.jpg,Pedestrian,1
20240514183007.jpg,Car,27
20240514183007.jpg,Pedestrian,7
20240514183007.jpg,Bicycle,4
20240514183007.jpg,Truck,1
20240514183107.jpg,Car,23
20240514183107.jpg,Bicycle,6
20240514183107.jpg,Pedestrian,4
20240514183142.jpg,Car,25
20240514183142.jpg,Bicycle,6
20240514183142.jpg,Truck,1
20240514183142.jpg,Pedestrian,3
20240514183247.jpg,Car,21
20240514183247.jpg,Bicycle,17
20240514183247.jpg,Pedestrian,7
20240514183347.jpg,Car,18
20240514183347.jpg,Bicycle,3
20240514183347.jpg,Truck,1
20240514183517.jpg,Car,4
20240514183517.jpg,Bicycle,13
20240514183517.jpg,Pedestrian,10
20240514183517.jpg,Motor_scooter,1
20240514183547.jpg,Car,20
20240514183547.jpg,Bicycle,9
20240514183547.jpg,Pedestrian,6
20240514183647.jpg,Car,20
20240514183647.jpg,Bicycle,14
20240514183647.jpg,Pedestrian,10
20240514183752.jpg,Car,26
20240514183752.jpg,Pedestrian,11
20240514183752.jpg,Bicycle,6
20240514183752.jpg,Truck,1
20240514183852.jpg,Car,12
20240514183852.jpg,Bicycle,5
20240514183852.jpg,Pedestrian,5
20240514183852.jpg,Truck,1
20240514183952.jpg,Car,19
20240514183952.jpg,Bicycle,10
20240514183952.jpg,Pedestrian,8
20240514184052.jpg,Car,33
20240514184052.jpg,Bicycle,7
20240514184052.jpg,Pedestrian,10
20240514184052.jpg,Bus,1
20240514184152.jpg,Car,10
20240514184152.jpg,Bicycle,5
20240514184152.jpg,Pedestrian,4
20240514184152.jpg,Truck,1
20240514184152.jpg,Motor_scooter,1
20240514184252.jpg,Car,16
20240514184252.jpg,Bicycle,10
20240514184252.jpg,Pedestrian,2
20240514184352.jpg,Car,12
20240514184352.jpg,Bicycle,8
20240514184352.jpg,Pedestrian,4
20240514184452.jpg,Bicycle,8
20240514184452.jpg,Car,8
20240514184452.jpg,Pedestrian,4
20240514184452.jpg,Truck,1
20240514184552.jpg,Car,21
20240514184552.jpg,Bicycle,14
20240514184552.jpg,Pedestrian,7
20240514184652.jpg,Car,27
20240514184652.jpg,Bicycle,5
20240514184652.jpg,Pedestrian,2
20240514184652.jpg,Motor_scooter,1
20240514184752.jpg,Car,14
20240514184752.jpg,Bicycle,7
20240514184752.jpg,Pedestrian,2
20240514184857.jpg,Car,23
20240514184857.jpg,Bicycle,6
20240514184857.jpg,Pedestrian,6
20240514184957.jpg,Car,24
20240514184957.jpg,Bicycle,6
20240514184957.jpg,Pedestrian,5
20240514185057.jpg,Car,20
20240514185057.jpg,Bicycle,6
20240514185057.jpg,Pedestrian,3
20240514185157.jpg,Car,26
20240514185157.jpg,Bicycle,10
20240514185157.jpg,Pedestrian,3
20240514185157.jpg,Motor_scooter,2
20240514185257.jpg,Car,22
20240514185257.jpg,Bicycle,5
20240514185257.jpg,Pedestrian,5
20240514185257.jpg,Truck,2
20240514185357.jpg,Truck,1
20240514185357.jpg,Car,9
20240514185357.jpg,Bicycle,5
20240514185357.jpg,Pedestrian,1
20240514185502.jpg,Car,13
20240514185502.jpg,Bicycle,6
20240514185502.jpg,Pedestrian,3
20240514185602.jpg,Car,17
20240514185602.jpg,Bicycle,5
20240514185602.jpg,Pedestrian,5
20240514185702.jpg,Car,22
20240514185702.jpg,Pedestrian,2
20240514185702.jpg,Bicycle,3
20240514185802.jpg,Car,20
20240514185802.jpg,Bicycle,7
20240514185802.jpg,Pedestrian,4
20240514185902.jpg,Car,49
20240514185902.jpg,Bicycle,5
20240514185902.jpg,Pedestrian,3
20240514190002.jpg,Car,26
20240514190002.jpg,Bicycle,22
20240514190002.jpg,Pedestrian,3
20240514190002.jpg,Truck,1
20240514190102.jpg,Car,33
20240514190102.jpg,Bicycle,13
20240514190102.jpg,Pedestrian,4
20240514190102.jpg,Truck,1
20240514190102.jpg,Motor_scooter,1
20240514190207.jpg,Car,49
20240514190207.jpg,Bicycle,5
20240514190207.jpg,Pedestrian,5
20240514190307.jpg,Car,16
20240514190307.jpg,Bicycle,12
20240514190307.jpg,Pedestrian,3
20240514190407.jpg,Car,9
20240514190407.jpg,Truck,1
20240514190407.jpg,Bicycle,10
20240514190407.jpg,Pedestrian,5
20240514190507.jpg,Car,37
20240514190507.jpg,Bicycle,3
20240514190507.jpg,Pedestrian,4
20240514190612.jpg,Car,13
20240514190612.jpg,Bicycle,3
20240514190612.jpg,Pedestrian,2
20240514190712.jpg,Car,10
20240514190712.jpg,Truck,1
20240514190712.jpg,Bicycle,2
20240514190712.jpg,Pedestrian,4
20240514190747.jpg,Car,7
20240514190747.jpg,Bicycle,6
20240514190747.jpg,Truck,1
20240514190747.jpg,Pedestrian,6
20240514190852.jpg,Car,20
20240514190852.jpg,Bicycle,10
20240514190852.jpg,Pedestrian,6
20240514190952.jpg,Car,11
20240514190952.jpg,Bicycle,4
20240514190952.jpg,Motor_scooter,1
20240514190952.jpg,Pedestrian,1
20240514191052.jpg,Car,29
20240514191052.jpg,Bicycle,7
20240514191052.jpg,Pedestrian,10
20240514191157.jpg,Car,13
20240514191157.jpg,Bicycle,12
20240514191157.jpg,Pedestrian,6
20240514191257.jpg,Car,27
20240514191257.jpg,Bicycle,7
20240514191257.jpg,Pedestrian,3
20240514191257.jpg,Truck,1
20240514191357.jpg,Car,24
20240514191357.jpg,Bicycle,11
20240514191357.jpg,Pedestrian,5
20240514191457.jpg,Car,12
20240514191457.jpg,Pedestrian,8
20240514191457.jpg,Bicycle,6
20240514191557.jpg,Car,19
20240514191557.jpg,Bicycle,10
20240514191557.jpg,Pedestrian,7
20240514191657.jpg,Car,12
20240514191657.jpg,Bicycle,10
20240514191657.jpg,Pedestrian,5
20240515183242.jpg,Car,33
20240515183242.jpg,Bicycle,14
20240515183242.jpg,Pedestrian,5
20240515183342.jpg,Bicycle,8
20240515183342.jpg,Car,10
20240515183342.jpg,Truck,1
20240515183342.jpg,Pedestrian,4
20240515183442.jpg,Car,9
20240515183442.jpg,Bicycle,12
20240515183442.jpg,Motor_scooter,1
20240515183442.jpg,Pedestrian,5
20240515183647.jpg,Bicycle,11
20240515183647.jpg,Car,20
20240515183647.jpg,Truck,2
20240515183647.jpg,Pedestrian,12
20240515183747.jpg,Car,13
20240515183747.jpg,Pedestrian,3
20240515183747.jpg,Truck,2
20240515183747.jpg,Bicycle,2
20240515183847.jpg,Car,18
20240515183847.jpg,Bicycle,8
20240515183847.jpg,Pedestrian,6
20240515183922.jpg,Car,11
20240515183922.jpg,Bicycle,6
20240515183922.jpg,Pedestrian,6
20240515183922.jpg,Motor_scooter,1
20240515184022.jpg,Car,18
20240515184022.jpg,Bicycle,7
20240515184022.jpg,Truck,1
20240515184022.jpg,Motor_scooter,1
20240515184022.jpg,Pedestrian,4
20240515184157.jpg,Car,11
20240515184157.jpg,Bicycle,10
20240515184157.jpg,Pedestrian,6
20240515184227.jpg,Car,13
20240515184227.jpg,Bicycle,3
20240515184227.jpg,Pedestrian,3
20240515184227.jpg,Motor_scooter,1
20240515184332.jpg,Car,22
20240515184332.jpg,Bicycle,16
20240515184332.jpg,Motor_scooter,1
20240515184332.jpg,Pedestrian,6
20240515184432.jpg,Car,14
20240515184432.jpg,Pedestrian,8
20240515184432.jpg,Bicycle,7
20240515184532.jpg,Car,6
20240515184532.jpg,Bicycle,13
20240515184532.jpg,Pedestrian,7
20240515184532.jpg,Motor_scooter,4
20240515184637.jpg,Car,16
20240515184637.jpg,Bicycle,14
20240515184637.jpg,Truck,1
20240515184637.jpg,Pedestrian,10
20240515184637.jpg,Motor_scooter,1
20240515184737.jpg,Car,29
20240515184737.jpg,Pedestrian,7
20240515184737.jpg,Bicycle,11
20240515184737.jpg,Motor_scooter,1
20240515184842.jpg,Car,15
20240515184842.jpg,Bicycle,15
20240515184842.jpg,Pedestrian,4
20240515184947.jpg,Car,18
20240515184947.jpg,Bicycle,17
20240515184947.jpg,Pedestrian,5
20240515185047.jpg,Car,12
20240515185047.jpg,Bicycle,4
20240515185047.jpg,Pedestrian,6
20240515185147.jpg,Car,9
20240515185147.jpg,Bicycle,4
20240515185147.jpg,Truck,2
20240515185147.jpg,Pedestrian,3
20240515185247.jpg,Car,12
20240515185247.jpg,Bicycle,9
20240515185247.jpg,Pedestrian,8
20240515185347.jpg,Car,21
20240515185347.jpg,Bus,1
20240515185347.jpg,Bicycle,10
20240515185347.jpg,Pedestrian,5
20240515185547.jpg,Car,15
20240515185547.jpg,Bicycle,11
20240515185547.jpg,Pedestrian,4
20240515185547.jpg,Motor_scooter,1
20240515185652.jpg,Car,13
20240515185652.jpg,Bicycle,5
20240515185652.jpg,Pedestrian,3
20240515185722.jpg,Car,18
20240515185722.jpg,Bicycle,11
20240515185722.jpg,Truck,1
20240515185722.jpg,Pedestrian,4
20240515185827.jpg,Car,26
20240515185827.jpg,Bicycle,14
20240515185827.jpg,Pedestrian,8
20240515185957.jpg,Car,15
20240515185957.jpg,Bicycle,15
20240515185957.jpg,Pedestrian,5
20240515185957.jpg,Motor_scooter,2
20240515190032.jpg,Truck,1
20240515190032.jpg,Car,26
20240515190032.jpg,Bicycle,13
20240515190032.jpg,Pedestrian,3
20240515190032.jpg,Motor_scooter,2
20240515190132.jpg,Car,16
20240515190132.jpg,Bicycle,17
20240515190132.jpg,Pedestrian,9
20240515190237.jpg,Truck,1
20240515190237.jpg,Car,20
20240515190237.jpg,Bicycle,14
20240515190237.jpg,Pedestrian,9
20240515190337.jpg,Car,34
20240515190337.jpg,Bicycle,13
20240515190337.jpg,Pedestrian,6
20240515190437.jpg,Car,14
20240515190437.jpg,Bicycle,10
20240515190437.jpg,Pedestrian,15
20240515190437.jpg,Motor_scooter,1
20240515190537.jpg,Car,28
20240515190537.jpg,Bicycle,16
20240515190537.jpg,Pedestrian,13
20240515190537.jpg,Motor_scooter,1
20240515190737.jpg,Car,15
20240515190737.jpg,Bicycle,14
20240515190737.jpg,Pedestrian,3
20240515190737.jpg,Motor_scooter,1
20240515190837.jpg,Car,18
20240515190837.jpg,Bicycle,21
20240515190837.jpg,Pedestrian,8
20240515190937.jpg,Bicycle,11
20240515190937.jpg,Car,16
20240515190937.jpg,Pedestrian,5
20240515191037.jpg,Car,15
20240515191037.jpg,Bicycle,6
20240515191037.jpg,Pedestrian,3
20240515191037.jpg,Motor_scooter,1
20240515191142.jpg,Car,28
20240515191142.jpg,Bicycle,10
20240515191142.jpg,Pedestrian,3
20240515191242.jpg,Car,6
20240515191242.jpg,Bicycle,12
20240515191242.jpg,Pedestrian,2
20240515191342.jpg,Car,9
20240515191342.jpg,Bicycle,8
20240515191342.jpg,Pedestrian,3
20240515191442.jpg,Bus,2
20240515191442.jpg,Car,32
20240515191442.jpg,Bicycle,4
20240515191542.jpg,Bicycle,10
20240515191542.jpg,Car,10
20240515191542.jpg,Motor_scooter,1
20240515191542.jpg,Pedestrian,4
20240515191642.jpg,Car,6
20240515191642.jpg,Bicycle,9
20240515191642.jpg,Pedestrian,6
20240515191742.jpg,Car,5
20240515191742.jpg,Pedestrian,9
20240515191742.jpg,Bicycle,7
20240515191742.jpg,Motor_scooter,1
20240515191847.jpg,Bicycle,13
20240515191847.jpg,Car,4
20240515191847.jpg,Pedestrian,11
20240515191952.jpg,Car,14
20240515191952.jpg,Bicycle,8
20240515191952.jpg,Pedestrian,6
20240515192052.jpg,Car,21
20240515192052.jpg,Bicycle,9
20240515192052.jpg,Pedestrian,3
20240515192227.jpg,Bus,1
20240515192227.jpg,Car,15
20240515192227.jpg,Bicycle,17
20240515192227.jpg,Pedestrian,11
20240515192432.jpg,Car,9
20240515192432.jpg,Bicycle,16
20240515192432.jpg,Pedestrian,7
20240515192432.jpg,Motor_scooter,1
20240515192637.jpg,Car,14
20240515192637.jpg,Bicycle,6
20240515192637.jpg,Pedestrian,7
20240515192737.jpg,Bicycle,9
20240515192737.jpg,Car,6
20240515192737.jpg,Pedestrian,7
20240515192837.jpg,Car,13
20240515192837.jpg,Bicycle,9
20240515192837.jpg,Pedestrian,6
20240515192937.jpg,Car,11
20240515192937.jpg,Bicycle,9
20240515192937.jpg,Pedestrian,4
20240515193037.jpg,Car,16
20240515193037.jpg,Pedestrian,6
20240515193037.jpg,Bicycle,4
20240515193037.jpg,Motor_scooter,1
20240515193137.jpg,Car,14
20240515193137.jpg,Bicycle,9
20240515193137.jpg,Pedestrian,7
20240515193242.jpg,Car,15
20240515193242.jpg,Bicycle,6
20240515193242.jpg,Pedestrian,4
20240515193242.jpg,Motor_scooter,1
20240515193347.jpg,Car,9
20240515193347.jpg,Truck,1
20240515193347.jpg,Bicycle,3
20240515193347.jpg,Pedestrian,1
20240515193447.jpg,Car,10
20240515193447.jpg,Bicycle,10
20240515193447.jpg,Pedestrian,14
20240515193547.jpg,Truck,1
20240515193547.jpg,Car,8
20240515193547.jpg,Bicycle,2
20240515193547.jpg,Pedestrian,7
20240515193547.jpg,Bus,1
20240515193647.jpg,Car,12
20240515193647.jpg,Bus,1
20240515193647.jpg,Bicycle,9
20240515193647.jpg,Pedestrian,1
20240515193747.jpg,Car,12
20240515193747.jpg,Bus,2
20240515193747.jpg,Bicycle,16
20240515193747.jpg,Pedestrian,9
20240515193747.jpg,Motor_scooter,1
20240515193852.jpg,Car,19
20240515193852.jpg,Bicycle,11
20240515193852.jpg,Truck,1
20240515193852.jpg,Pedestrian,6
20240515193952.jpg,Bicycle,11
20240515193952.jpg,Car,6
20240515193952.jpg,Pedestrian,5
20240515194052.jpg,Car,16
20240515194052.jpg,Bicycle,13
20240515194052.jpg,Pedestrian,8
20240515194152.jpg,Car,10
20240515194152.jpg,Bicycle,5
20240515194152.jpg,Truck,1
20240515194152.jpg,Pedestrian,3
20240515194222.jpg,Car,8
20240515194222.jpg,Bicycle,16
20240515194222.jpg,Pedestrian,8
20240515194327.jpg,Car,24
20240515194327.jpg,Bicycle,11
20240515194327.jpg,Pedestrian,7
20240515194327.jpg,Motor_scooter,2
20240515194432.jpg,Car,19
20240515194432.jpg,Bicycle,9
20240515194432.jpg,Pedestrian,5
20240515194602.jpg,Car,10
20240515194602.jpg,Bicycle,26
20240515194602.jpg,Pedestrian,8
20240515194632.jpg,Truck,1
20240515194632.jpg,Car,6
20240515194632.jpg,Bicycle,16
20240515194632.jpg,Pedestrian,12
20240515194732.jpg,Bus,1
20240515194732.jpg,Car,25
20240515194732.jpg,Bicycle,8
20240515194732.jpg,Pedestrian,9
20240515194832.jpg,Car,12
20240515194832.jpg,Bicycle,10
20240515194832.jpg,Pedestrian,6
20240515194932.jpg,Bicycle,10
20240515194932.jpg,Car,4
20240515194932.jpg,Pedestrian,12
20240515195032.jpg,Car,13
20240515195032.jpg,Bicycle,8
20240515195032.jpg,Pedestrian,8
20240515195137.jpg,Bicycle,7
20240515195137.jpg,Car,11
20240515195137.jpg,Pedestrian,3
20240515195242.jpg,Car,10
20240515195242.jpg,Bicycle,14
20240515195242.jpg,Pedestrian,8
20240515195342.jpg,Car,10
20240515195342.jpg,Bicycle,13
20240515195342.jpg,Pedestrian,6
20240515195442.jpg,Car,14
20240515195442.jpg,Bicycle,7
20240515195442.jpg,Pedestrian,1
20240515195542.jpg,Car,17
20240515195542.jpg,Bicycle,2
20240515195542.jpg,Pedestrian,2
20240515195642.jpg,Car,8
20240515195642.jpg,Bicycle,7
20240515195642.jpg,Pedestrian,1
20240515195742.jpg,Car,15
20240515195742.jpg,Bicycle,15
20240515195742.jpg,Pedestrian,3
20240515195742.jpg,Motor_scooter,1
20240515195847.jpg,Car,14
20240515195847.jpg,Bicycle,4
20240515195847.jpg,Pedestrian,4
20240515195947.jpg,Bus,1
20240515195947.jpg,Car,17
20240515195947.jpg,Bicycle,5
20240515195947.jpg,Pedestrian,4
20240515195947.jpg,Truck,1
20240515200047.jpg,Car,12
20240515200047.jpg,Bicycle,6
20240515200047.jpg,Pedestrian,4
20240515200047.jpg,Truck,1
20240515200147.jpg,Car,14
20240515200147.jpg,Bicycle,8
20240515200147.jpg,Pedestrian,5
20240515200147.jpg,Truck,1
20240515200247.jpg,Bus,1
20240515200247.jpg,Bicycle,9
20240515200247.jpg,Car,11
20240515200247.jpg,Pedestrian,3
20240515200247.jpg,Motor_scooter,1
20240515200347.jpg,Car,8
20240515200347.jpg,Bicycle,6
20240515200347.jpg,Pedestrian,2
20240515200347.jpg,Scooter,1
20240515200347.jpg,Motor_scooter,1
20240515200447.jpg,Car,18
20240515200447.jpg,Bicycle,13
20240515200447.jpg,Motor_scooter,1
20240515200447.jpg,Pedestrian,1
20240515200547.jpg,Car,12
20240515200547.jpg,Bicycle,3
20240515200647.jpg,Car,6
20240515200647.jpg,Bicycle,5
20240515200647.jpg,Pedestrian,2
20240515200647.jpg,Motor_scooter,1
20240515200752.jpg,Car,20
20240515200752.jpg,Bicycle,5
20240515200752.jpg,Pedestrian,5
20240515200827.jpg,Car,4
20240515200827.jpg,Bicycle,9
20240515200827.jpg,Pedestrian,2
20240515200932.jpg,Car,8
20240515200932.jpg,Bicycle,5
20240515200932.jpg,Pedestrian,1
20240515201032.jpg,Car,9
20240515201032.jpg,Bicycle,10
20240515201032.jpg,Pedestrian,10
20240515201202.jpg,Car,5
20240515201202.jpg,Bicycle,4
20240515201202.jpg,Pedestrian,3
20240515201232.jpg,Car,8
20240515201232.jpg,Pedestrian,5
20240515201232.jpg,Bus,1
20240515201232.jpg,Bicycle,2
20240515201402.jpg,Bicycle,2
20240515201402.jpg,Car,4
20240515201402.jpg,Pedestrian,3
20240515201432.jpg,Bus,2
20240515201432.jpg,Car,22
20240515201432.jpg,Truck,1
20240515201432.jpg,Pedestrian,7
20240515201432.jpg,Bicycle,2
20240515201602.jpg,Bicycle,2
20240515201602.jpg,Car,7
20240515201602.jpg,Truck,1
20240515201602.jpg,Pedestrian,3
20240516094145.jpg,Car,8
20240516094145.jpg,Bicycle,3
20240516094145.jpg,Pedestrian,1
20240516094145.jpg,Truck,1
20240516094245.jpg,Car,3
20240516094245.jpg,Pedestrian,1
20240516094346.jpg,Truck,1
20240516094346.jpg,Bicycle,1
20240516094346.jpg,Pedestrian,2
20240516094446.jpg,Car,10
20240516094446.jpg,Truck,3
20240516094446.jpg,Pedestrian,2
20240516094446.jpg,Bicycle,1
20240516094547.jpg,Bicycle,2
20240516094547.jpg,Pedestrian,1
20240516094647.jpg,Car,10
20240516094647.jpg,Pedestrian,10
20240516094647.jpg,Truck,1
20240516094647.jpg,Bicycle,2
20240516094748.jpg,Truck,1
20240516094748.jpg,Car,4
20240516094748.jpg,Pedestrian,7
20240516094748.jpg,Bicycle,1
20240516094848.jpg,Car,10
20240516094848.jpg,Truck,2
20240516094848.jpg,Pedestrian,3
20240516094848.jpg,Bicycle,1
20240516094848.jpg,Bus,1
20240516094949.jpg,Car,5
20240516094949.jpg,Pedestrian,2
20240516094949.jpg,Bicycle,3
20240516095049.jpg,Truck,2
20240516095049.jpg,Car,11
20240516095049.jpg,Bicycle,3
20240516095049.jpg,Pedestrian,2
20240516095149.jpg,Bicycle,1
20240516095149.jpg,Car,2
20240516095250.jpg,Car,3
20240516095350.jpg,Car,10
20240516095350.jpg,Bicycle,3
20240516095350.jpg,Bus,1
20240516095350.jpg,Pedestrian,1
20240516095350.jpg,Truck,1
20240516095451.jpg,Truck,1
20240516095451.jpg,Bicycle,2
20240516095451.jpg,Car,2
20240516095551.jpg,Car,6
20240516095551.jpg,Bicycle,3
20240516095551.jpg,Pedestrian,2
20240516095652.jpg,Car,6
20240516095652.jpg,Bicycle,4
20240516095652.jpg,Pedestrian,2
20240516095752.jpg,Car,3
20240516095752.jpg,Bicycle,1
20240516095752.jpg,Pedestrian,1
20240516095853.jpg,Bicycle,1
20240516095853.jpg,Car,4
20240516095853.jpg,Pedestrian,1
20240516095954.jpg,Car,7
20240516095954.jpg,Pedestrian,1
20240516095954.jpg,Bicycle,1
20240516100055.jpg,Car,4
20240516100055.jpg,Bicycle,1
20240516100055.jpg,Pedestrian,1
20240516100155.jpg,Truck,2
20240516100155.jpg,Car,10
20240516100155.jpg,Bicycle,2
20240516100155.jpg,Pedestrian,3
20240516100927.jpg,Car,8
20240516100927.jpg,Bicycle,5
20240516101028.jpg,Car,6
20240516101028.jpg,Bicycle,3
20240516101128.jpg,Car,8
20240516101128.jpg,Pedestrian,1
20240516101229.jpg,Car,11
20240516101229.jpg,Pedestrian,4
20240516101329.jpg,Car,7
20240516101329.jpg,Pedestrian,2
20240516101430.jpg,Car,6
20240516101430.jpg,Pedestrian,1
20240516101430.jpg,Bicycle,1
20240516101531.jpg,Car,14
20240516101531.jpg,Bicycle,3
20240516101531.jpg,Pedestrian,1
20240516101631.jpg,Car,1
20240516101631.jpg,Pedestrian,4
20240516101631.jpg,Bicycle,1
20240516101631.jpg,Motor_scooter,1
20240516101917.jpg,Car,7
20240516101917.jpg,Bicycle,1
20240516102017.jpg,Car,11
20240516102017.jpg,Pedestrian,4
20240516102118.jpg,Car,13
20240516102118.jpg,Truck,1
20240516102118.jpg,Bicycle,8
20240516102118.jpg,Pedestrian,2
20240516102218.jpg,Bus,1
20240516102218.jpg,Car,11
20240516102218.jpg,Truck,3
20240516102318.jpg,Car,5
20240516102318.jpg,Pedestrian,2
20240516102418.jpg,Car,28
20240516102418.jpg,Truck,7
20240516102418.jpg,Bicycle,2
20240516102418.jpg,Pedestrian,1
20240516102418.jpg,Bus,1
20240516102519.jpg,Bus,1
20240516102519.jpg,Car,10
20240516102519.jpg,Bicycle,1
20240516102519.jpg,Pedestrian,2
20240516102619.jpg,Car,9
20240516102619.jpg,Bicycle,4
20240516102619.jpg,Pedestrian,3
20240516102719.jpg,Car,16
20240516102719.jpg,Pedestrian,2
20240516102719.jpg,Bicycle,1
20240516102820.jpg,Car,2
20240516102820.jpg,Pedestrian,3
20240516102820.jpg,Bicycle,2
20240516102920.jpg,Car,6
20240516102920.jpg,Bicycle,1
20240516102920.jpg,Pedestrian,1
20240516103020.jpg,Car,7
20240516103020.jpg,Truck,1
20240516103020.jpg,Pedestrian,2
20240516103020.jpg,Bicycle,1
20240516103121.jpg,Car,3
20240516103121.jpg,Pedestrian,1
20240516103221.jpg,Car,9
20240516103221.jpg,Pedestrian,2
20240516103221.jpg,Bus,1
20240516103321.jpg,Car,11
20240516103321.jpg,Pedestrian,2
20240516103321.jpg,Bicycle,2
20240516103422.jpg,Car,4
20240516103422.jpg,Pedestrian,2
20240516103522.jpg,Truck,4
20240516103522.jpg,Car,16
20240516103522.jpg,Bicycle,1
20240516103522.jpg,Pedestrian,3
20240516103622.jpg,Truck,3
20240516103622.jpg,Car,9
20240516103622.jpg,Pedestrian,3
20240516103723.jpg,Car,8
20240516103723.jpg,Pedestrian,2
20240516103723.jpg,Bicycle,1
20240516103823.jpg,Car,19
20240516103823.jpg,Bicycle,2
20240516103823.jpg,Pedestrian,1
20240516103923.jpg,Car,11
20240516103923.jpg,Bicycle,4
20240516103923.jpg,Truck,1
20240516103923.jpg,Pedestrian,1
20240516103923.jpg,Motor_scooter,1
20240516104024.jpg,Truck,3
20240516104024.jpg,Bicycle,2
20240516104024.jpg,Car,6
20240516104024.jpg,Motor_scooter,1
20240516104124.jpg,Car,5
20240516104124.jpg,Truck,1
20240516104124.jpg,Pedestrian,2
20240516104224.jpg,Car,9
20240516104224.jpg,Bicycle,5
20240516104224.jpg,Pedestrian,1
20240516104325.jpg,Car,14
20240516104325.jpg,Truck,1
20240516104325.jpg,Pedestrian,1
20240516104425.jpg,Car,9
20240516104425.jpg,Truck,1
20240516104525.jpg,Car,13
20240516104525.jpg,Pedestrian,3
20240516104525.jpg,Bicycle,1
20240516104626.jpg,Car,13
20240516104626.jpg,Pedestrian,1
20240516104626.jpg,Bicycle,1
20240516104726.jpg,Truck,2
20240516104726.jpg,Car,11
20240516104726.jpg,Bicycle,2
20240516104726.jpg,Pedestrian,1
20240516104826.jpg,Car,14
20240516104826.jpg,Bus,1
20240516104927.jpg,Car,20
20240516104927.jpg,Bicycle,1
20240516104927.jpg,Pedestrian,1
20240516105027.jpg,Car,12
20240516105027.jpg,Truck,1
20240516105027.jpg,Bicycle,2
20240516105027.jpg,Pedestrian,1
20240516105127.jpg,Car,15
20240516105127.jpg,Pedestrian,1
20240516105127.jpg,Truck,1
20240516105127.jpg,Bicycle,1
20240516105228.jpg,Car,12
20240516105228.jpg,Truck,1
20240516105228.jpg,Bicycle,3
20240516105228.jpg,Pedestrian,4
20240516105328.jpg,Car,7
20240516105328.jpg,Truck,2
20240516105428.jpg,Car,15
20240516105428.jpg,Bicycle,1
20240516105529.jpg,Car,9
20240516105729.jpg,Car,9
20240516105729.jpg,Bicycle,1
20240516105729.jpg,Pedestrian,1
20240516105830.jpg,Car,12
20240516105830.jpg,Truck,1
20240516105830.jpg,Pedestrian,1
20240516105930.jpg,Car,6
20240516105930.jpg,Bicycle,1
20240516105930.jpg,Pedestrian,1
20240516110030.jpg,Car,12
20240516110030.jpg,Bicycle,2
20240516110030.jpg,Pedestrian,1
20240516110131.jpg,Car,10
20240516110131.jpg,Truck,1
20240516110131.jpg,Pedestrian,2
20240516110231.jpg,Car,11
20240516110231.jpg,Bicycle,2
20240516110231.jpg,Pedestrian,2
20240516110331.jpg,Car,14
20240516110331.jpg,Pedestrian,3
20240516110331.jpg,Bicycle,6
20240516110431.jpg,Car,10
20240516110431.jpg,Truck,1
20240516110431.jpg,Pedestrian,4
20240516110431.jpg,Bicycle,1
20240516110532.jpg,Car,14
20240516110532.jpg,Pedestrian,3
20240516110532.jpg,Bicycle,2
20240516110532.jpg,Truck,1
20240516110632.jpg,Car,7
20240516110632.jpg,Pedestrian,1
20240516110732.jpg,Car,1
20240516110732.jpg,Pedestrian,1
20240516110833.jpg,Car,11
20240516110833.jpg,Bicycle,2
20240516110833.jpg,Pedestrian,1
20240516110933.jpg,Car,13
20240516110933.jpg,Truck,3
20240516111033.jpg,Car,6
20240516111033.jpg,Pedestrian,3
20240516111033.jpg,Bicycle,2
20240516111134.jpg,Car,4
20240516111134.jpg,Pedestrian,4
20240516111134.jpg,Bicycle,2
20240516111234.jpg,Car,7
20240516111234.jpg,Truck,2
20240516111234.jpg,Bicycle,3
20240516111234.jpg,Pedestrian,2
20240516111334.jpg,Car,14
20240516111334.jpg,Pedestrian,1
20240516111435.jpg,Car,2
20240516111435.jpg,Pedestrian,1
20240516111535.jpg,Truck,2
20240516111535.jpg,Bicycle,2
20240516111535.jpg,Car,4
20240516111535.jpg,Pedestrian,1
20240516111635.jpg,Car,7
20240516111635.jpg,Bicycle,3
20240516111635.jpg,Pedestrian,2
20240516111635.jpg,Motor_scooter,1
20240516111736.jpg,Truck,1
20240516111736.jpg,Car,7
20240516111736.jpg,Pedestrian,2
20240516111836.jpg,Car,4
20240516111836.jpg,Bicycle,1
20240516111936.jpg,Car,5
20240516111936.jpg,Bicycle,2
20240516111936.jpg,Truck,1
20240516111936.jpg,Bus,1
20240516153618.jpg,Bicycle,2
20240516153618.jpg,Pedestrian,4
20240516153618.jpg,Car,2
20240516153720.jpg,Car,5
20240516153720.jpg,Motor_scooter,1
20240516153720.jpg,Pedestrian,2
20240516153720.jpg,Bicycle,2
20240516153821.jpg,Car,11
20240516153821.jpg,Pedestrian,3
20240516153821.jpg,Bicycle,1
20240516153922.jpg,Car,8
20240516153922.jpg,Bicycle,1
20240516154024.jpg,Car,3
20240516154024.jpg,Bicycle,1
20240516154104.jpg,Car,2
20240516154104.jpg,Pedestrian,1
20240516154104.jpg,Bicycle,3
20240516154104.jpg,Truck,1
20240516154226.jpg,Car,6
20240516154226.jpg,Pedestrian,2
20240516154226.jpg,Bicycle,1
20240516154307.jpg,Car,2
20240516154408.jpg,Car,15
20240516154408.jpg,Pedestrian,4
20240516154408.jpg,Bicycle,1
20240516154509.jpg,Car,11
20240516154509.jpg,Pedestrian,4
20240516154509.jpg,Bicycle,3
20240516154610.jpg,Car,7
20240516154610.jpg,Pedestrian,3
20240516154610.jpg,Bicycle,1
20240516154610.jpg,Truck,1
20240516154712.jpg,Car,14
20240516154712.jpg,Pedestrian,3
20240516154712.jpg,Bicycle,3
20240516154712.jpg,Truck,1
20240516154813.jpg,Car,11
20240516154813.jpg,Bicycle,2
20240516154813.jpg,Pedestrian,7
20240516154914.jpg,Car,11
20240516154914.jpg,Truck,3
20240516154914.jpg,Pedestrian,2
20240516154914.jpg,Bicycle,1
20240516155015.jpg,Bicycle,3
20240516155015.jpg,Car,6
20240516155015.jpg,Pedestrian,2
20240516155116.jpg,Car,20
20240516155116.jpg,Truck,1
20240516155217.jpg,Car,4
20240516155217.jpg,Bicycle,1
20240516155217.jpg,Pedestrian,2
20240516155217.jpg,Truck,1
20240516155319.jpg,Bicycle,3
20240516155319.jpg,Car,15
20240516155319.jpg,Pedestrian,3
20240516155420.jpg,Car,6
20240516155420.jpg,Pedestrian,1
20240516155420.jpg,Bicycle,1
20240516155521.jpg,Car,12
20240516155521.jpg,Truck,1
20240516155521.jpg,Pedestrian,1
20240516155521.jpg,Bicycle,1
20240516155622.jpg,Car,11
20240516155622.jpg,Truck,1
20240516155622.jpg,Bicycle,1
20240516155622.jpg,Pedestrian,1
20240516155723.jpg,Car,6
20240516155723.jpg,Pedestrian,1
20240516155804.jpg,Car,1
20240516155804.jpg,Truck,1
20240516155804.jpg,Bicycle,1
20240516155804.jpg,Pedestrian,1
20240516155906.jpg,Car,21
20240516155906.jpg,Truck,2
20240516155906.jpg,Pedestrian,3
20240516160007.jpg,Motor_scooter,1
20240516160007.jpg,Bicycle,2
20240516160007.jpg,Car,5
20240516160007.jpg,Pedestrian,1
20240516160108.jpg,Bicycle,1
20240516160108.jpg,Car,7
20240516160108.jpg,Pedestrian,2
20240516160209.jpg,Car,14
20240516160209.jpg,Bicycle,4
20240516160209.jpg,Pedestrian,1
20240516160310.jpg,Car,14
20240516160310.jpg,Bicycle,5
20240516160310.jpg,Pedestrian,5
20240516160310.jpg,Truck,1
20240516160412.jpg,Car,4
20240516160412.jpg,Bicycle,4
20240516160412.jpg,Pedestrian,3
20240516160513.jpg,Car,8
20240516160513.jpg,Bicycle,4
20240516160513.jpg,Truck,1
20240516160513.jpg,Pedestrian,2
20240516160614.jpg,Bicycle,4
20240516160614.jpg,Car,2
20240516160614.jpg,Pedestrian,3
20240516160715.jpg,Car,11
20240516160715.jpg,Truck,1
20240516160715.jpg,Pedestrian,6
20240516160715.jpg,Bicycle,4
20240516160817.jpg,Car,7
20240516160817.jpg,Bicycle,4
20240516160817.jpg,Pedestrian,5
20240516160817.jpg,Motor_scooter,1
20240516160918.jpg,Car,13
20240516160918.jpg,Truck,2
20240516160918.jpg,Bicycle,7
20240516160918.jpg,Pedestrian,5
20240516161019.jpg,Car,8
20240516161019.jpg,Truck,1
20240516161019.jpg,Bicycle,3
20240516161019.jpg,Pedestrian,3
20240516161121.jpg,Bicycle,3
20240516161121.jpg,Car,2
20240516161222.jpg,Bicycle,2
20240516161222.jpg,Car,7
20240516161222.jpg,Pedestrian,1
20240516161303.jpg,Car,10
20240516161303.jpg,Pedestrian,5
20240516161303.jpg,Bicycle,2
20240516161303.jpg,Motor_scooter,1
20240516161424.jpg,Bus,1
20240516161424.jpg,Bicycle,6
20240516161424.jpg,Motor_scooter,1
20240516161424.jpg,Pedestrian,1
20240516161505.jpg,Bicycle,3
20240516161505.jpg,Pedestrian,5
20240516161505.jpg,Car,3
20240516161505.jpg,Truck,1
20240516161607.jpg,Car,12
20240516161607.jpg,Bicycle,6
20240516161708.jpg,Bicycle,3
20240516161708.jpg,Car,5
20240516161708.jpg,Pedestrian,1
20240516161809.jpg,Truck,1
20240516161809.jpg,Bicycle,2
20240516161809.jpg,Car,2
20240516161809.jpg,Pedestrian,1
20240516161809.jpg,Scooter,1
20240516161911.jpg,Truck,1
20240516161911.jpg,Car,6
20240516161911.jpg,Bicycle,1
20240516161911.jpg,Pedestrian,3
20240516162012.jpg,Car,12
20240516162012.jpg,Truck,1
20240516162012.jpg,Bicycle,4
20240516162012.jpg,Pedestrian,2
20240516162113.jpg,Car,9
20240516162113.jpg,Bicycle,1
20240516162214.jpg,Car,5
20240516162214.jpg,Pedestrian,2
20240516162214.jpg,Bicycle,2
20240516162316.jpg,Bus,2
20240516162316.jpg,Car,29
20240516162316.jpg,Pedestrian,3
20240516162316.jpg,Bicycle,2
20240516162417.jpg,Car,9
20240516162417.jpg,Bicycle,1
20240516162417.jpg,Truck,1
20240516162518.jpg,Truck,2
20240516162518.jpg,Car,5
20240516162518.jpg,Bicycle,3
20240516162518.jpg,Pedestrian,1
20240516162620.jpg,Car,7
20240516162620.jpg,Pedestrian,11
20240516162620.jpg,Bicycle,3
20240516162721.jpg,Car,10
20240516162721.jpg,Bicycle,3
20240516162721.jpg,Pedestrian,2
20240516162822.jpg,Car,10
20240516162822.jpg,Bicycle,4
20240516162924.jpg,Bicycle,3
20240516162924.jpg,Pedestrian,2
20240516163025.jpg,Bicycle,2
20240516163025.jpg,Truck,2
20240516163025.jpg,Car,5
20240516163106.jpg,Car,10
20240516163106.jpg,Pedestrian,1
20240516163106.jpg,Truck,1
20240516163228.jpg,Car,2
20240516163228.jpg,Bicycle,1
20240516163228.jpg,Truck,1
20240516163309.jpg,Bus,1
20240516163309.jpg,Car,13
20240516163309.jpg,Bicycle,3
20240516163309.jpg,Pedestrian,2
20240516163411.jpg,Truck,1
20240516163411.jpg,Car,12
20240516163411.jpg,Pedestrian,4
20240516163411.jpg,Bicycle,2
20240516163512.jpg,Car,14
20240516163512.jpg,Bicycle,6
20240516163512.jpg,Motor_scooter,2
20240516163512.jpg,Pedestrian,3
20240516163613.jpg,Bicycle,9
20240516163613.jpg,Car,4
20240516163613.jpg,Pedestrian,3
20240516163715.jpg,Car,7
20240516163715.jpg,Pedestrian,4
20240516163715.jpg,Bicycle,2
20240516163816.jpg,Car,27
20240516163816.jpg,Pedestrian,1
20240516163918.jpg,Car,23
20240516163918.jpg,Bicycle,1
20240516163918.jpg,Truck,3
20240516163918.jpg,Motor_scooter,1
20240516164019.jpg,Car,13
20240516164019.jpg,Bicycle,8
20240516164019.jpg,Truck,1
20240516164019.jpg,Pedestrian,1
20240516164120.jpg,Truck,2
20240516164120.jpg,Car,14
20240516164120.jpg,Bicycle,11
20240516164120.jpg,Pedestrian,7
20240516164222.jpg,Car,19
20240516164222.jpg,Bicycle,5
20240516164222.jpg,Truck,1
20240516164222.jpg,Pedestrian,3
20240516164222.jpg,Bus,1
20240516164324.jpg,Car,15
20240516164324.jpg,Truck,2
20240516164324.jpg,Bicycle,3
20240516164324.jpg,Pedestrian,3
20240516164425.jpg,Truck,2
20240516164425.jpg,Car,21
20240516164425.jpg,Pedestrian,1
20240516164425.jpg,Bicycle,1
20240516164506.jpg,Bus,1
20240516164506.jpg,Car,30
20240516164506.jpg,Bicycle,1
20240516164506.jpg,Pedestrian,2
20240516164608.jpg,Car,19
20240516164608.jpg,Bicycle,7
20240516164608.jpg,Pedestrian,5
20240516164709.jpg,Car,23
20240516164709.jpg,Bicycle,3
20240516164709.jpg,Pedestrian,1
20240516164811.jpg,Car,23
20240516164811.jpg,Bicycle,3
20240516164811.jpg,Pedestrian,4
20240516164912.jpg,Car,31
20240516164912.jpg,Bicycle,8
20240516164912.jpg,Truck,1
20240516164912.jpg,Pedestrian,10
20240516165014.jpg,Car,11
20240516165014.jpg,Pedestrian,2
20240516165014.jpg,Bicycle,1
20240717074204.jpg,Car,6
20240717074204.jpg,Bicycle,6
20240717074204.jpg,Pedestrian,4
20240717074410.jpg,Car,12
20240717074410.jpg,Bicycle,1
20240717074410.jpg,Pedestrian,1
20240717074511.jpg,Car,13
20240717074511.jpg,Bicycle,2
20240717074511.jpg,Pedestrian,1
20240717075024.jpg,Car,4
20240717075024.jpg,Pedestrian,4
20240717075024.jpg,Bicycle,1
20240717075106.jpg,Car,4
20240717075106.jpg,Truck,1
20240717075106.jpg,Bicycle,3
20240717075106.jpg,Motor_scooter,2
20240717075106.jpg,Pedestrian,1
20240717075210.jpg,Car,16
20240717075210.jpg,Bicycle,3
20240717075210.jpg,Pedestrian,2
20240717075314.jpg,Car,4
20240717075314.jpg,Bicycle,1
20240717075314.jpg,Pedestrian,1
20240717075418.jpg,Car,11
20240717075418.jpg,Pedestrian,6
20240717075418.jpg,Bicycle,3
20240717075704.jpg,Car,16
20240717075704.jpg,Bicycle,6
20240717075704.jpg,Pedestrian,1
20240717075807.jpg,Car,5
20240717075807.jpg,Bicycle,1
20240717075807.jpg,Pedestrian,1
20240717075911.jpg,Car,10
20240717075911.jpg,Bicycle,1
20240717075911.jpg,Truck,1
20240717080021.jpg,Car,8
20240717080021.jpg,Pedestrian,1
20240717080106.jpg,Car,2
20240717081102.jpg,Car,5
20240717081102.jpg,Pedestrian,5
20240717081102.jpg,Bicycle,2
20240717081228.jpg,Bus,1
20240717081228.jpg,Car,3
20240717081309.jpg,Car,10
20240717081309.jpg,Pedestrian,2
20240717082027.jpg,Car,8
20240717082027.jpg,Truck,1
20240717082108.jpg,Car,9
20240717082108.jpg,Pedestrian,2
20240717082108.jpg,Bicycle,1
20240717084018.jpg,Car,8
20240717084018.jpg,Bicycle,2
20240717084018.jpg,Pedestrian,1
20240717084018.jpg,Motor_scooter,1
20240717084104.jpg,Car,11
20240717084104.jpg,Bicycle,3
20240717084104.jpg,Pedestrian,3
20240717084104.jpg,Truck,1
20240717084226.jpg,Truck,1
20240717084226.jpg,Bicycle,2
20240717084226.jpg,Car,5
20240717084307.jpg,Bus,1
20240717084307.jpg,Truck,1
20240717084307.jpg,Car,10
20240717084307.jpg,Pedestrian,1
20240717084408.jpg,Car,4
20240717084408.jpg,Bicycle,3
20240717084408.jpg,Pedestrian,3
20240717084611.jpg,Car,10
20240717084611.jpg,Bicycle,4
20240717084611.jpg,Pedestrian,2
20240717084713.jpg,Bus,1
20240717084713.jpg,Car,18
20240717084713.jpg,Bicycle,4
20240717084713.jpg,Truck,1
20240717084713.jpg,Pedestrian,2
20240717084814.jpg,Car,11
20240717084814.jpg,Bicycle,3
20240717084814.jpg,Pedestrian,4
20240717084915.jpg,Car,7
20240717084915.jpg,Truck,1
20240717084915.jpg,Bicycle,1
20240717090913.jpg,Car,5
20240717090913.jpg,Pedestrian,3
20240717090913.jpg,Bicycle,2
20240717091715.jpg,Bicycle,2
20240717091816.jpg,Bicycle,2
20240717091816.jpg,Car,5
20240717091816.jpg,Pedestrian,3
20240717092019.jpg,Truck,1
20240717092019.jpg,Car,6
20240717092019.jpg,Bicycle,2
20240717092019.jpg,Pedestrian,1
20240717093622.jpg,Car,9
20240717093622.jpg,Truck,1
20240717093724.jpg,Car,11
20240717093724.jpg,Bicycle,1
20240717093724.jpg,Pedestrian,2
20240717074204.jpg,Car,6
20240717074204.jpg,Bicycle,6
20240717074204.jpg,Pedestrian,4
20240717074410.jpg,Car,12
20240717074410.jpg,Bicycle,1
20240717074410.jpg,Pedestrian,1
20240717074511.jpg,Car,13
20240717074511.jpg,Bicycle,2
20240717074511.jpg,Pedestrian,1
20240717075024.jpg,Car,4
20240717075024.jpg,Pedestrian,4
20240717075024.jpg,Bicycle,1
20240717075106.jpg,Car,4
20240717075106.jpg,Truck,1
20240717075106.jpg,Bicycle,3
20240717075106.jpg,Motor_scooter,2
20240717075106.jpg,Pedestrian,1
20240717075210.jpg,Car,16
20240717075210.jpg,Bicycle,3
20240717075210.jpg,Pedestrian,2
20240717075314.jpg,Car,4
20240717075314.jpg,Bicycle,1
20240717075314.jpg,Pedestrian,1
20240717075418.jpg,Car,11
20240717075418.jpg,Pedestrian,6
20240717075418.jpg,Bicycle,3
20240717075704.jpg,Car,16
20240717075704.jpg,Bicycle,6
20240717075704.jpg,Pedestrian,1
20240717075807.jpg,Car,5
20240717075807.jpg,Bicycle,1
20240717075807.jpg,Pedestrian,1
20240717075911.jpg,Car,10
20240717075911.jpg,Bicycle,1
20240717075911.jpg,Truck,1
20240717080021.jpg,Car,8
20240717080021.jpg,Pedestrian,1
20240717080106.jpg,Car,2
20240717081102.jpg,Car,5
20240717081102.jpg,Pedestrian,5
20240717081102.jpg,Bicycle,2
20240717081228.jpg,Bus,1
20240717081228.jpg,Car,3
20240717081309.jpg,Car,10
20240717081309.jpg,Pedestrian,2
20240717082027.jpg,Car,8
20240717082027.jpg,Truck,1
20240717082108.jpg,Car,9
20240717082108.jpg,Pedestrian,2
20240717082108.jpg,Bicycle,1
20240717084018.jpg,Car,8
20240717084018.jpg,Bicycle,2
20240717084018.jpg,Pedestrian,1
20240717084018.jpg,Motor_scooter,1
20240717084104.jpg,Car,11
20240717084104.jpg,Bicycle,3
20240717084104.jpg,Pedestrian,3
20240717084104.jpg,Truck,1
20240717084226.jpg,Truck,1
20240717084226.jpg,Bicycle,2
20240717084226.jpg,Car,5
20240717084307.jpg,Bus,1
20240717084307.jpg,Truck,1
20240717084307.jpg,Car,10
20240717084307.jpg,Pedestrian,1
20240717084408.jpg,Car,4
20240717084408.jpg,Bicycle,3
20240717084408.jpg,Pedestrian,3
20240717084611.jpg,Car,10
20240717084611.jpg,Bicycle,4
20240717084611.jpg,Pedestrian,2
20240717084713.jpg,Bus,1
20240717084713.jpg,Car,18
20240717084713.jpg,Bicycle,4
20240717084713.jpg,Truck,1
20240717084713.jpg,Pedestrian,2
20240717084814.jpg,Car,11
20240717084814.jpg,Bicycle,3
20240717084814.jpg,Pedestrian,4
20240717084915.jpg,Car,7
20240717084915.jpg,Truck,1
20240717084915.jpg,Bicycle,1
20240717090913.jpg,Car,5
20240717090913.jpg,Pedestrian,3
20240717090913.jpg,Bicycle,2
20240717091715.jpg,Bicycle,2
20240717091816.jpg,Bicycle,2
20240717091816.jpg,Car,5
20240717091816.jpg,Pedestrian,3
20240717092019.jpg,Truck,1
20240717092019.jpg,Car,6
20240717092019.jpg,Bicycle,2
20240717092019.jpg,Pedestrian,1
20240717093622.jpg,Car,9
20240717093622.jpg,Truck,1
20240717093724.jpg,Car,11
20240717093724.jpg,Bicycle,1
20240717093724.jpg,Pedestrian,2
20240717101622.jpg,Car,15
20240717101622.jpg,Bicycle,7
20240717101622.jpg,Pedestrian,4
20240717101725.jpg,Pedestrian,4
20240717101725.jpg,Car,3
20240717101725.jpg,Bicycle,1
20240717101806.jpg,Car,9
20240717101806.jpg,Bicycle,3
20240717101806.jpg,Pedestrian,5
20240717101909.jpg,Car,16
20240717101909.jpg,Pedestrian,7
20240717101909.jpg,Bicycle,6
20240717102012.jpg,Car,4
20240717102012.jpg,Bicycle,6
20240717102012.jpg,Pedestrian,6
20240717102113.jpg,Car,11
20240717102113.jpg,Bicycle,2
20240717102113.jpg,Pedestrian,1
20240717102214.jpg,Car,14
20240717102214.jpg,Pedestrian,3
20240717102214.jpg,Bicycle,6
20240717102316.jpg,Car,7
20240717102316.jpg,Bicycle,9
20240717102316.jpg,Motor_scooter,2
20240717102316.jpg,Pedestrian,8
20240717102316.jpg,Truck,1
20240717102417.jpg,Car,11
20240717102417.jpg,Bicycle,5
20240717102417.jpg,Pedestrian,5
20240717102417.jpg,Truck,2
20240717102518.jpg,Car,11
20240717102518.jpg,Pedestrian,7
20240717102518.jpg,Bicycle,1
20240717102621.jpg,Car,11
20240717102621.jpg,Bicycle,10
20240717102621.jpg,Pedestrian,6
20240717102621.jpg,Motor_scooter,1
20240717102702.jpg,Car,14
20240717102702.jpg,Bicycle,6
20240717102702.jpg,Pedestrian,6
20240717102804.jpg,Car,14
20240717102804.jpg,Bicycle,5
20240717102804.jpg,Pedestrian,7
20240717102905.jpg,Bus,1
20240717102905.jpg,Pedestrian,5
20240717102905.jpg,Car,2
20240717103008.jpg,Car,18
20240717103008.jpg,Bicycle,14
20240717103008.jpg,Pedestrian,8
20240717103109.jpg,Car,6
20240717103109.jpg,Pedestrian,3
20240717103109.jpg,Bicycle,3
20240717103232.jpg,Pedestrian,6
20240717103316.jpg,Car,6
20240717103316.jpg,Bicycle,3
20240717103316.jpg,Pedestrian,5
20240717103419.jpg,Car,13
20240717103419.jpg,Bicycle,1
20240717103419.jpg,Pedestrian,2
20240717103419.jpg,Bus,1
20240717103521.jpg,Pedestrian,3
20240717103521.jpg,Bicycle,1
20240717103521.jpg,Car,1
20240717103626.jpg,Car,12
20240717103626.jpg,Bicycle,3
20240717103626.jpg,Pedestrian,8
20240717104015.jpg,Car,11
20240717104015.jpg,Pedestrian,6
20240717104015.jpg,Bicycle,1
20240717104119.jpg,Bicycle,3
20240717104119.jpg,Car,1
20240717104119.jpg,Pedestrian,4
20240717104222.jpg,Car,11
20240717104222.jpg,Truck,1
20240717104222.jpg,Bicycle,9
20240717104222.jpg,Pedestrian,10
20240717104303.jpg,Car,9
20240717104303.jpg,Bicycle,2
20240717104303.jpg,Pedestrian,1
20240717104425.jpg,Bicycle,1
20240717104425.jpg,Pedestrian,1
20240717104506.jpg,Car,4
20240717104506.jpg,Bicycle,1
20240717104506.jpg,Pedestrian,1
20240717104728.jpg,Car,4
20240717104728.jpg,Bicycle,3
20240717104728.jpg,Pedestrian,3
20240717104728.jpg,Truck,1
20240717104809.jpg,Car,9
20240717104809.jpg,Pedestrian,3
20240717104912.jpg,Bus,1
20240717104912.jpg,Bicycle,1
20240717104912.jpg,Car,1
20240717104912.jpg,Pedestrian,1
20240717105014.jpg,Car,1
20240717105014.jpg,Bicycle,2
20240717105014.jpg,Pedestrian,7
20240717105014.jpg,Motor_scooter,1
20240717105115.jpg,Car,16
20240717105115.jpg,Bicycle,7
20240717105115.jpg,Motor_scooter,2
20240717105115.jpg,Truck,1
20240717105115.jpg,Pedestrian,3
20240717105216.jpg,Car,9
20240717105216.jpg,Bicycle,3
20240717105216.jpg,Pedestrian,1
20240717105317.jpg,Car,2
20240717105317.jpg,Bicycle,3
20240717105317.jpg,Pedestrian,1
20240717105419.jpg,Car,15
20240717105419.jpg,Truck,1
20240717105419.jpg,Bicycle,6
20240717105419.jpg,Pedestrian,4
20240717105520.jpg,Bicycle,8
20240717105520.jpg,Truck,1
20240717105520.jpg,Pedestrian,5
20240717105520.jpg,Car,3
20240717105621.jpg,Bicycle,2
20240717105621.jpg,Car,3
20240717105722.jpg,Pedestrian,2
20240717105722.jpg,Bicycle,2
20240717105722.jpg,Car,3
20240717105811.jpg,Truck,1
20240717105811.jpg,Car,1
20240717105811.jpg,Bicycle,1
20240717105811.jpg,Pedestrian,1
20240717110013.jpg,Car,13
20240717110013.jpg,Bicycle,3
20240717110013.jpg,Motor_scooter,1
20240717110013.jpg,Pedestrian,2
20240717110114.jpg,Car,7
20240717110114.jpg,Pedestrian,5
20240717110114.jpg,Truck,1
20240717110114.jpg,Bicycle,2
